session_id,diagnosis,family,level_index,level,ood_score,threshold,rejected,n_crops,path_sha256
SCD_481,Stem cell donor,blur,0,0.0,595.7171630859375,576.1117745962939,True,200,5b2d0fd98f655a9de10b4548e71a167c22762e9cd65b78f55a8106852dc51b00
SCD_481,Stem cell donor,blur,1,0.5,584.9678649902344,576.1117745962939,True,200,5b2d0fd98f655a9de10b4548e71a167c22762e9cd65b78f55a8106852dc51b00
SCD_481,Stem cell donor,blur,2,1.0,584.4580383300781,576.1117745962939,True,200,5b2d0fd98f655a9de10b4548e71a167c22762e9cd65b78f55a8106852dc51b00
SCD_481,Stem cell donor,blur,3,2.0,586.463134765625,576.1117745962939,True,200,5b2d0fd98f655a9de10b4548e71a167c22762e9cd65b78f55a8106852dc51b00
SCD_481,Stem cell donor,blur,4,4.0,1128.56591796875,576.1117745962939,True,200,5b2d0fd98f655a9de10b4548e71a167c22762e9cd65b78f55a8106852dc51b00
SCD_481,Stem cell donor,blur,5,8.0,3537.7445068359375,576.1117745962939,True,200,5b2d0fd98f655a9de10b4548e71a167c22762e9cd65b78f55a8106852dc51b00
SCD_468,Stem cell donor,blur,0,0.0,469.5680236816406,576.1117745962939,False,200,b768819c21049ce9f3f4f80571d370bce2e910138b77bdf7e2df76277ccd406b
SCD_468,Stem cell donor,blur,1,0.5,468.6496124267578,576.1117745962939,False,200,b768819c21049ce9f3f4f80571d370bce2e910138b77bdf7e2df76277ccd406b
SCD_468,Stem cell donor,blur,2,1.0,456.1369934082031,576.1117745962939,False,200,b768819c21049ce9f3f4f80571d370bce2e910138b77bdf7e2df76277ccd406b
SCD_468,Stem cell donor,blur,3,2.0,501.6774444580078,576.1117745962939,False,200,b768819c21049ce9f3f4f80571d370bce2e910138b77bdf7e2df76277ccd406b
SCD_468,Stem cell donor,blur,4,4.0,1092.3903198242188,576.1117745962939,True,200,b768819c21049ce9f3f4f80571d370bce2e910138b77bdf7e2df76277ccd406b
SCD_468,Stem cell donor,blur,5,8.0,3620.937255859375,576.1117745962939,True,200,b768819c21049ce9f3f4f80571d370bce2e910138b77bdf7e2df76277ccd406b
SCD_430,Stem cell donor,blur,0,0.0,466.15118408203125,576.1117745962939,False,200,c8697bdbd504339893701b27705a74452c25ed765a99edf47c346e4ec3f814c4
SCD_430,Stem cell donor,blur,1,0.5,464.4347229003906,576.1117745962939,False,200,c8697bdbd504339893701b27705a74452c25ed765a99edf47c346e4ec3f814c4
SCD_430,Stem cell donor,blur,2,1.0,470.98292541503906,576.1117745962939,False,200,c8697bdbd504339893701b27705a74452c25ed765a99edf47c346e4ec3f814c4
SCD_430,Stem cell donor,blur,3,2.0,548.0706787109375,576.1117745962939,False,200,c8697bdbd504339893701b27705a74452c25ed765a99edf47c346e4ec3f814c4
SCD_430,Stem cell donor,blur,4,4.0,955.5816650390625,576.1117745962939,True,200,c8697bdbd504339893701b27705a74452c25ed765a99edf47c346e4ec3f814c4
SCD_430,Stem cell donor,blur,5,8.0,3453.2216796875,576.1117745962939,True,200,c8697bdbd504339893701b27705a74452c25ed765a99edf47c346e4ec3f814c4
SCD_473,Stem cell donor,blur,0,0.0,485.74566650390625,576.1117745962939,False,200,e36d0e72d0549b70706c4971964b93617f97372038e6e79d64560b3b627dfadc
SCD_473,Stem cell donor,blur,1,0.5,484.0260772705078,576.1117745962939,False,200,e36d0e72d0549b70706c4971964b93617f97372038e6e79d64560b3b627dfadc
SCD_473,Stem cell donor,blur,2,1.0,510.84800720214844,576.1117745962939,False,200,e36d0e72d0549b70706c4971964b93617f97372038e6e79d64560b3b627dfadc
SCD_473,Stem cell donor,blur,3,2.0,583.0867614746094,576.1117745962939,True,200,e36d0e72d0549b70706c4971964b93617f97372038e6e79d64560b3b627dfadc
SCD_473,Stem cell donor,blur,4,4.0,1039.5088500976562,576.1117745962939,True,200,e36d0e72d0549b70706c4971964b93617f97372038e6e79d64560b3b627dfadc
SCD_473,Stem cell donor,blur,5,8.0,3634.757080078125,576.1117745962939,True,200,e36d0e72d0549b70706c4971964b93617f97372038e6e79d64560b3b627dfadc
SCD_484,Stem cell donor,blur,0,0.0,511.10784912109375,576.1117745962939,False,200,333821d60e4ac72a9a8b8874700c29ce905881a47d7255dcf3db84d8f07e5e18
SCD_484,Stem cell donor,blur,1,0.5,517.3804626464844,576.1117745962939,False,200,333821d60e4ac72a9a8b8874700c29ce905881a47d7255dcf3db84d8f07e5e18
SCD_484,Stem cell donor,blur,2,1.0,512.9664611816406,576.1117745962939,False,200,333821d60e4ac72a9a8b8874700c29ce905881a47d7255dcf3db84d8f07e5e18
SCD_484,Stem cell donor,blur,3,2.0,546.1343994140625,576.1117745962939,False,200,333821d60e4ac72a9a8b8874700c29ce905881a47d7255dcf3db84d8f07e5e18
SCD_484,Stem cell donor,blur,4,4.0,1055.325439453125,576.1117745962939,True,200,333821d60e4ac72a9a8b8874700c29ce905881a47d7255dcf3db84d8f07e5e18
SCD_484,Stem cell donor,blur,5,8.0,3570.2413330078125,576.1117745962939,True,200,333821d60e4ac72a9a8b8874700c29ce905881a47d7255dcf3db84d8f07e5e18
SCD_458,Stem cell donor,blur,0,0.0,428.2451934814453,576.1117745962939,False,200,bc329790e770d7a49a7d87327ee1983ba703c4c49b23f72f4b1a699c56ea7cad
SCD_458,Stem cell donor,blur,1,0.5,428.70042419433594,576.1117745962939,False,200,bc329790e770d7a49a7d87327ee1983ba703c4c49b23f72f4b1a699c56ea7cad
SCD_458,Stem cell donor,blur,2,1.0,446.05409240722656,576.1117745962939,False,200,bc329790e770d7a49a7d87327ee1983ba703c4c49b23f72f4b1a699c56ea7cad
SCD_458,Stem cell donor,blur,3,2.0,544.0191650390625,576.1117745962939,False,200,bc329790e770d7a49a7d87327ee1983ba703c4c49b23f72f4b1a699c56ea7cad
SCD_458,Stem cell donor,blur,4,4.0,1049.2510986328125,576.1117745962939,True,200,bc329790e770d7a49a7d87327ee1983ba703c4c49b23f72f4b1a699c56ea7cad
SCD_458,Stem cell donor,blur,5,8.0,3827.62060546875,576.1117745962939,True,200,bc329790e770d7a49a7d87327ee1983ba703c4c49b23f72f4b1a699c56ea7cad
SCD_462,Stem cell donor,blur,0,0.0,478.4245147705078,576.1117745962939,False,200,4df7a4df780e15602b6618a041a7b4da60cc559debae5be3e59bd4a8ae0b87ab
SCD_462,Stem cell donor,blur,1,0.5,479.0456237792969,576.1117745962939,False,200,4df7a4df780e15602b6618a041a7b4da60cc559debae5be3e59bd4a8ae0b87ab
SCD_462,Stem cell donor,blur,2,1.0,490.2140655517578,576.1117745962939,False,200,4df7a4df780e15602b6618a041a7b4da60cc559debae5be3e59bd4a8ae0b87ab
SCD_462,Stem cell donor,blur,3,2.0,579.3204345703125,576.1117745962939,True,200,4df7a4df780e15602b6618a041a7b4da60cc559debae5be3e59bd4a8ae0b87ab
SCD_462,Stem cell donor,blur,4,4.0,1150.5996704101562,576.1117745962939,True,200,4df7a4df780e15602b6618a041a7b4da60cc559debae5be3e59bd4a8ae0b87ab
SCD_462,Stem cell donor,blur,5,8.0,3692.01708984375,576.1117745962939,True,200,4df7a4df780e15602b6618a041a7b4da60cc559debae5be3e59bd4a8ae0b87ab
SCD_491,Stem cell donor,blur,0,0.0,440.93226623535156,576.1117745962939,False,200,81cd289dc78084381ec67e2544c0e56836573350352e681c20d451bca949c385
SCD_491,Stem cell donor,blur,1,0.5,435.06658935546875,576.1117745962939,False,200,81cd289dc78084381ec67e2544c0e56836573350352e681c20d451bca949c385
SCD_491,Stem cell donor,blur,2,1.0,437.21571350097656,576.1117745962939,False,200,81cd289dc78084381ec67e2544c0e56836573350352e681c20d451bca949c385
SCD_491,Stem cell donor,blur,3,2.0,552.1072387695312,576.1117745962939,False,200,81cd289dc78084381ec67e2544c0e56836573350352e681c20d451bca949c385
SCD_491,Stem cell donor,blur,4,4.0,1215.8701171875,576.1117745962939,True,200,81cd289dc78084381ec67e2544c0e56836573350352e681c20d451bca949c385
SCD_491,Stem cell donor,blur,5,8.0,3485.747802734375,576.1117745962939,True,200,81cd289dc78084381ec67e2544c0e56836573350352e681c20d451bca949c385
SCD_420,Stem cell donor,blur,0,0.0,441.2084655761719,576.1117745962939,False,200,d90b63fb7105e143146fdef70885262ab154ced31a6482977838f96e940b767b
SCD_420,Stem cell donor,blur,1,0.5,447.92230224609375,576.1117745962939,False,200,d90b63fb7105e143146fdef70885262ab154ced31a6482977838f96e940b767b
SCD_420,Stem cell donor,blur,2,1.0,462.1285095214844,576.1117745962939,False,200,d90b63fb7105e143146fdef70885262ab154ced31a6482977838f96e940b767b
SCD_420,Stem cell donor,blur,3,2.0,539.4752807617188,576.1117745962939,False,200,d90b63fb7105e143146fdef70885262ab154ced31a6482977838f96e940b767b
SCD_420,Stem cell donor,blur,4,4.0,1078.4522094726562,576.1117745962939,True,200,d90b63fb7105e143146fdef70885262ab154ced31a6482977838f96e940b767b
SCD_420,Stem cell donor,blur,5,8.0,3841.4635009765625,576.1117745962939,True,200,d90b63fb7105e143146fdef70885262ab154ced31a6482977838f96e940b767b
SCD_449,Stem cell donor,blur,0,0.0,407.1353454589844,576.1117745962939,False,200,65b0de308a0544d4b355d76ac29e0a0b819531a8565dd9e56a13163b663d4fc0
SCD_449,Stem cell donor,blur,1,0.5,420.71385192871094,576.1117745962939,False,200,65b0de308a0544d4b355d76ac29e0a0b819531a8565dd9e56a13163b663d4fc0
SCD_449,Stem cell donor,blur,2,1.0,454.3158416748047,576.1117745962939,False,200,65b0de308a0544d4b355d76ac29e0a0b819531a8565dd9e56a13163b663d4fc0
SCD_449,Stem cell donor,blur,3,2.0,555.1830444335938,576.1117745962939,False,200,65b0de308a0544d4b355d76ac29e0a0b819531a8565dd9e56a13163b663d4fc0
SCD_449,Stem cell donor,blur,4,4.0,1099.5838623046875,576.1117745962939,True,200,65b0de308a0544d4b355d76ac29e0a0b819531a8565dd9e56a13163b663d4fc0
SCD_449,Stem cell donor,blur,5,8.0,3769.039306640625,576.1117745962939,True,200,65b0de308a0544d4b355d76ac29e0a0b819531a8565dd9e56a13163b663d4fc0
SCD_450,Stem cell donor,blur,0,0.0,454.0093994140625,576.1117745962939,False,200,0a92fc7c93cd5b321b8b603914e7903ca91390ba9ab0fd92a490a72f4561d028
SCD_450,Stem cell donor,blur,1,0.5,457.58177185058594,576.1117745962939,False,200,0a92fc7c93cd5b321b8b603914e7903ca91390ba9ab0fd92a490a72f4561d028
SCD_450,Stem cell donor,blur,2,1.0,466.46495056152344,576.1117745962939,False,200,0a92fc7c93cd5b321b8b603914e7903ca91390ba9ab0fd92a490a72f4561d028
SCD_450,Stem cell donor,blur,3,2.0,594.8381042480469,576.1117745962939,True,200,0a92fc7c93cd5b321b8b603914e7903ca91390ba9ab0fd92a490a72f4561d028
SCD_450,Stem cell donor,blur,4,4.0,1225.7910766601562,576.1117745962939,True,200,0a92fc7c93cd5b321b8b603914e7903ca91390ba9ab0fd92a490a72f4561d028
SCD_450,Stem cell donor,blur,5,8.0,3653.328857421875,576.1117745962939,True,200,0a92fc7c93cd5b321b8b603914e7903ca91390ba9ab0fd92a490a72f4561d028
SCD_412,Stem cell donor,blur,0,0.0,477.24229431152344,576.1117745962939,False,200,1baeedc4edfb967234fd7ebe7bea00e817fe82a576cbf86a14796ed91b6aa029
SCD_412,Stem cell donor,blur,1,0.5,483.67759704589844,576.1117745962939,False,200,1baeedc4edfb967234fd7ebe7bea00e817fe82a576cbf86a14796ed91b6aa029
SCD_412,Stem cell donor,blur,2,1.0,511.54273986816406,576.1117745962939,False,200,1baeedc4edfb967234fd7ebe7bea00e817fe82a576cbf86a14796ed91b6aa029
SCD_412,Stem cell donor,blur,3,2.0,591.3146667480469,576.1117745962939,True,200,1baeedc4edfb967234fd7ebe7bea00e817fe82a576cbf86a14796ed91b6aa029
SCD_412,Stem cell donor,blur,4,4.0,1037.3622436523438,576.1117745962939,True,200,1baeedc4edfb967234fd7ebe7bea00e817fe82a576cbf86a14796ed91b6aa029
SCD_412,Stem cell donor,blur,5,8.0,3442.8616943359375,576.1117745962939,True,200,1baeedc4edfb967234fd7ebe7bea00e817fe82a576cbf86a14796ed91b6aa029
SCD_403,Stem cell donor,blur,0,0.0,449.63922119140625,576.1117745962939,False,200,cd185757bb44debb2db71c15943ad1fb18a6a67ee07ea1ea521af6bbb545a492
SCD_403,Stem cell donor,blur,1,0.5,452.8778533935547,576.1117745962939,False,200,cd185757bb44debb2db71c15943ad1fb18a6a67ee07ea1ea521af6bbb545a492
SCD_403,Stem cell donor,blur,2,1.0,461.4242401123047,576.1117745962939,False,200,cd185757bb44debb2db71c15943ad1fb18a6a67ee07ea1ea521af6bbb545a492
SCD_403,Stem cell donor,blur,3,2.0,565.9107666015625,576.1117745962939,False,200,cd185757bb44debb2db71c15943ad1fb18a6a67ee07ea1ea521af6bbb545a492
SCD_403,Stem cell donor,blur,4,4.0,1258.12646484375,576.1117745962939,True,200,cd185757bb44debb2db71c15943ad1fb18a6a67ee07ea1ea521af6bbb545a492
SCD_403,Stem cell donor,blur,5,8.0,3950.330810546875,576.1117745962939,True,200,cd185757bb44debb2db71c15943ad1fb18a6a67ee07ea1ea521af6bbb545a492
SCD_399,Stem cell donor,blur,0,0.0,457.7105407714844,576.1117745962939,False,200,a5c6d31768e8471aae866aecf0aadc423cd2b6330dc50cbe5525f30e5f0511d7
SCD_399,Stem cell donor,blur,1,0.5,452.9098358154297,576.1117745962939,False,200,a5c6d31768e8471aae866aecf0aadc423cd2b6330dc50cbe5525f30e5f0511d7
SCD_399,Stem cell donor,blur,2,1.0,461.94537353515625,576.1117745962939,False,200,a5c6d31768e8471aae866aecf0aadc423cd2b6330dc50cbe5525f30e5f0511d7
SCD_399,Stem cell donor,blur,3,2.0,561.2687683105469,576.1117745962939,False,200,a5c6d31768e8471aae866aecf0aadc423cd2b6330dc50cbe5525f30e5f0511d7
SCD_399,Stem cell donor,blur,4,4.0,1185.268310546875,576.1117745962939,True,200,a5c6d31768e8471aae866aecf0aadc423cd2b6330dc50cbe5525f30e5f0511d7
SCD_399,Stem cell donor,blur,5,8.0,3909.7020263671875,576.1117745962939,True,200,a5c6d31768e8471aae866aecf0aadc423cd2b6330dc50cbe5525f30e5f0511d7
SCD_485,Stem cell donor,blur,0,0.0,470.3953399658203,576.1117745962939,False,200,a2ec3083ff67f04cb0e757eaa18f351a96b4809eea262690c7f3bb48ab82f5ca
SCD_485,Stem cell donor,blur,1,0.5,472.13621520996094,576.1117745962939,False,200,a2ec3083ff67f04cb0e757eaa18f351a96b4809eea262690c7f3bb48ab82f5ca
SCD_485,Stem cell donor,blur,2,1.0,492.9393768310547,576.1117745962939,False,200,a2ec3083ff67f04cb0e757eaa18f351a96b4809eea262690c7f3bb48ab82f5ca
SCD_485,Stem cell donor,blur,3,2.0,623.0625915527344,576.1117745962939,True,200,a2ec3083ff67f04cb0e757eaa18f351a96b4809eea262690c7f3bb48ab82f5ca
SCD_485,Stem cell donor,blur,4,4.0,1194.695556640625,576.1117745962939,True,200,a2ec3083ff67f04cb0e757eaa18f351a96b4809eea262690c7f3bb48ab82f5ca
SCD_485,Stem cell donor,blur,5,8.0,3981.210693359375,576.1117745962939,True,200,a2ec3083ff67f04cb0e757eaa18f351a96b4809eea262690c7f3bb48ab82f5ca
SCD_454,Stem cell donor,blur,0,0.0,445.1757507324219,576.1117745962939,False,200,66d8d2d98edbe86b2e35432e6f121a9a5e41a0dade8549b8e3aea660694f17e1
SCD_454,Stem cell donor,blur,1,0.5,443.48284912109375,576.1117745962939,False,200,66d8d2d98edbe86b2e35432e6f121a9a5e41a0dade8549b8e3aea660694f17e1
SCD_454,Stem cell donor,blur,2,1.0,449.6945495605469,576.1117745962939,False,200,66d8d2d98edbe86b2e35432e6f121a9a5e41a0dade8549b8e3aea660694f17e1
SCD_454,Stem cell donor,blur,3,2.0,536.95458984375,576.1117745962939,False,200,66d8d2d98edbe86b2e35432e6f121a9a5e41a0dade8549b8e3aea660694f17e1
SCD_454,Stem cell donor,blur,4,4.0,1126.9036254882812,576.1117745962939,True,200,66d8d2d98edbe86b2e35432e6f121a9a5e41a0dade8549b8e3aea660694f17e1
SCD_454,Stem cell donor,blur,5,8.0,3409.21337890625,576.1117745962939,True,200,66d8d2d98edbe86b2e35432e6f121a9a5e41a0dade8549b8e3aea660694f17e1
SCD_494,Stem cell donor,blur,0,0.0,554.0469055175781,576.1117745962939,False,200,eca5716f7442641aa022de2cb5dec6d0d248932535add80cdc9513165f22cb31
SCD_494,Stem cell donor,blur,1,0.5,547.9405822753906,576.1117745962939,False,200,eca5716f7442641aa022de2cb5dec6d0d248932535add80cdc9513165f22cb31
SCD_494,Stem cell donor,blur,2,1.0,563.009765625,576.1117745962939,False,200,eca5716f7442641aa022de2cb5dec6d0d248932535add80cdc9513165f22cb31
SCD_494,Stem cell donor,blur,3,2.0,623.3695678710938,576.1117745962939,True,200,eca5716f7442641aa022de2cb5dec6d0d248932535add80cdc9513165f22cb31
SCD_494,Stem cell donor,blur,4,4.0,1272.7596435546875,576.1117745962939,True,200,eca5716f7442641aa022de2cb5dec6d0d248932535add80cdc9513165f22cb31
SCD_494,Stem cell donor,blur,5,8.0,3356.2213134765625,576.1117745962939,True,200,eca5716f7442641aa022de2cb5dec6d0d248932535add80cdc9513165f22cb31
SCD_424,Stem cell donor,blur,0,0.0,471.88072204589844,576.1117745962939,False,200,6475d4e1e2ade8430ff871e3c6cffe02a2ba35ec2a542188b4bf87dcc484fe30
SCD_424,Stem cell donor,blur,1,0.5,472.0138854980469,576.1117745962939,False,200,6475d4e1e2ade8430ff871e3c6cffe02a2ba35ec2a542188b4bf87dcc484fe30
SCD_424,Stem cell donor,blur,2,1.0,476.70814514160156,576.1117745962939,False,200,6475d4e1e2ade8430ff871e3c6cffe02a2ba35ec2a542188b4bf87dcc484fe30
SCD_424,Stem cell donor,blur,3,2.0,561.6229248046875,576.1117745962939,False,200,6475d4e1e2ade8430ff871e3c6cffe02a2ba35ec2a542188b4bf87dcc484fe30
SCD_424,Stem cell donor,blur,4,4.0,1168.469482421875,576.1117745962939,True,200,6475d4e1e2ade8430ff871e3c6cffe02a2ba35ec2a542188b4bf87dcc484fe30
SCD_424,Stem cell donor,blur,5,8.0,3645.5618896484375,576.1117745962939,True,200,6475d4e1e2ade8430ff871e3c6cffe02a2ba35ec2a542188b4bf87dcc484fe30
SCD_437,Stem cell donor,blur,0,0.0,482.3376770019531,576.1117745962939,False,200,31d37ad72ae781589322665a3c9d3e087054c4551db4b221d49db96ad3b89b44
SCD_437,Stem cell donor,blur,1,0.5,492.7850341796875,576.1117745962939,False,200,31d37ad72ae781589322665a3c9d3e087054c4551db4b221d49db96ad3b89b44
SCD_437,Stem cell donor,blur,2,1.0,505.18394470214844,576.1117745962939,False,200,31d37ad72ae781589322665a3c9d3e087054c4551db4b221d49db96ad3b89b44
SCD_437,Stem cell donor,blur,3,2.0,591.4662475585938,576.1117745962939,True,200,31d37ad72ae781589322665a3c9d3e087054c4551db4b221d49db96ad3b89b44
SCD_437,Stem cell donor,blur,4,4.0,1166.7421264648438,576.1117745962939,True,200,31d37ad72ae781589322665a3c9d3e087054c4551db4b221d49db96ad3b89b44
SCD_437,Stem cell donor,blur,5,8.0,3976.9766845703125,576.1117745962939,True,200,31d37ad72ae781589322665a3c9d3e087054c4551db4b221d49db96ad3b89b44
SCD_405,Stem cell donor,blur,0,0.0,443.4990997314453,576.1117745962939,False,200,5a08b68579a0f017f859826181aaf5a16e478ebd72c40e474fbcf57a5afd9477
SCD_405,Stem cell donor,blur,1,0.5,447.61181640625,576.1117745962939,False,200,5a08b68579a0f017f859826181aaf5a16e478ebd72c40e474fbcf57a5afd9477
SCD_405,Stem cell donor,blur,2,1.0,466.15203857421875,576.1117745962939,False,200,5a08b68579a0f017f859826181aaf5a16e478ebd72c40e474fbcf57a5afd9477
SCD_405,Stem cell donor,blur,3,2.0,570.1479187011719,576.1117745962939,False,200,5a08b68579a0f017f859826181aaf5a16e478ebd72c40e474fbcf57a5afd9477
SCD_405,Stem cell donor,blur,4,4.0,1304.0177612304688,576.1117745962939,True,200,5a08b68579a0f017f859826181aaf5a16e478ebd72c40e474fbcf57a5afd9477
SCD_405,Stem cell donor,blur,5,8.0,3878.5400390625,576.1117745962939,True,200,5a08b68579a0f017f859826181aaf5a16e478ebd72c40e474fbcf57a5afd9477
ALK_201,AML,blur,0,0.0,432.137451171875,576.1117745962939,False,200,f28ede0c3221fa71705bc75f75594fdfcd949786abd3b05ea38ebe53ad4a1ccb
ALK_201,AML,blur,1,0.5,430.5271911621094,576.1117745962939,False,200,f28ede0c3221fa71705bc75f75594fdfcd949786abd3b05ea38ebe53ad4a1ccb
ALK_201,AML,blur,2,1.0,443.7723388671875,576.1117745962939,False,200,f28ede0c3221fa71705bc75f75594fdfcd949786abd3b05ea38ebe53ad4a1ccb
ALK_201,AML,blur,3,2.0,525.8235473632812,576.1117745962939,False,200,f28ede0c3221fa71705bc75f75594fdfcd949786abd3b05ea38ebe53ad4a1ccb
ALK_201,AML,blur,4,4.0,1038.754150390625,576.1117745962939,True,200,f28ede0c3221fa71705bc75f75594fdfcd949786abd3b05ea38ebe53ad4a1ccb
ALK_201,AML,blur,5,8.0,4035.7747802734375,576.1117745962939,True,200,f28ede0c3221fa71705bc75f75594fdfcd949786abd3b05ea38ebe53ad4a1ccb
ALK_190,AML,blur,0,0.0,419.5792236328125,576.1117745962939,False,200,5c3a70ad5f539097f54170eedcb12330a7f5a2493baf9d1b1dc904002adc9fd8
ALK_190,AML,blur,1,0.5,413.2915954589844,576.1117745962939,False,200,5c3a70ad5f539097f54170eedcb12330a7f5a2493baf9d1b1dc904002adc9fd8
ALK_190,AML,blur,2,1.0,427.6000518798828,576.1117745962939,False,200,5c3a70ad5f539097f54170eedcb12330a7f5a2493baf9d1b1dc904002adc9fd8
ALK_190,AML,blur,3,2.0,572.9648742675781,576.1117745962939,False,200,5c3a70ad5f539097f54170eedcb12330a7f5a2493baf9d1b1dc904002adc9fd8
ALK_190,AML,blur,4,4.0,1019.7912292480469,576.1117745962939,True,200,5c3a70ad5f539097f54170eedcb12330a7f5a2493baf9d1b1dc904002adc9fd8
ALK_190,AML,blur,5,8.0,3233.431884765625,576.1117745962939,True,200,5c3a70ad5f539097f54170eedcb12330a7f5a2493baf9d1b1dc904002adc9fd8
ALK_212,AML,blur,0,0.0,475.9622039794922,576.1117745962939,False,200,04c523e0c46c97a89005bbd374f2b89d9d235435e59f96e3b81637ddf991e308
ALK_212,AML,blur,1,0.5,479.6876220703125,576.1117745962939,False,200,04c523e0c46c97a89005bbd374f2b89d9d235435e59f96e3b81637ddf991e308
ALK_212,AML,blur,2,1.0,505.81488037109375,576.1117745962939,False,200,04c523e0c46c97a89005bbd374f2b89d9d235435e59f96e3b81637ddf991e308
ALK_212,AML,blur,3,2.0,632.7962341308594,576.1117745962939,True,200,04c523e0c46c97a89005bbd374f2b89d9d235435e59f96e3b81637ddf991e308
ALK_212,AML,blur,4,4.0,1145.4574584960938,576.1117745962939,True,200,04c523e0c46c97a89005bbd374f2b89d9d235435e59f96e3b81637ddf991e308
ALK_212,AML,blur,5,8.0,3825.37060546875,576.1117745962939,True,200,04c523e0c46c97a89005bbd374f2b89d9d235435e59f96e3b81637ddf991e308
ALK_207,AML,blur,0,0.0,633.5926208496094,576.1117745962939,True,200,4fc089396ab67f779895d8260ae7f499e486da8481bba21aecadf560f4cf0ac1
ALK_207,AML,blur,1,0.5,633.8239440917969,576.1117745962939,True,200,4fc089396ab67f779895d8260ae7f499e486da8481bba21aecadf560f4cf0ac1
ALK_207,AML,blur,2,1.0,597.0396728515625,576.1117745962939,True,200,4fc089396ab67f779895d8260ae7f499e486da8481bba21aecadf560f4cf0ac1
ALK_207,AML,blur,3,2.0,651.0955810546875,576.1117745962939,True,200,4fc089396ab67f779895d8260ae7f499e486da8481bba21aecadf560f4cf0ac1
ALK_207,AML,blur,4,4.0,1180.0138549804688,576.1117745962939,True,200,4fc089396ab67f779895d8260ae7f499e486da8481bba21aecadf560f4cf0ac1
ALK_207,AML,blur,5,8.0,3483.220947265625,576.1117745962939,True,200,4fc089396ab67f779895d8260ae7f499e486da8481bba21aecadf560f4cf0ac1
ALK_214,AML,blur,0,0.0,647.9977111816406,576.1117745962939,True,200,ad6b7adacb43ee05b80e51e25724abcccb9322592b79417655615078b7709e3d
ALK_214,AML,blur,1,0.5,623.0912170410156,576.1117745962939,True,200,ad6b7adacb43ee05b80e51e25724abcccb9322592b79417655615078b7709e3d
ALK_214,AML,blur,2,1.0,552.1443481445312,576.1117745962939,False,200,ad6b7adacb43ee05b80e51e25724abcccb9322592b79417655615078b7709e3d
ALK_214,AML,blur,3,2.0,626.13037109375,576.1117745962939,True,200,ad6b7adacb43ee05b80e51e25724abcccb9322592b79417655615078b7709e3d
ALK_214,AML,blur,4,4.0,1292.6891479492188,576.1117745962939,True,200,ad6b7adacb43ee05b80e51e25724abcccb9322592b79417655615078b7709e3d
ALK_214,AML,blur,5,8.0,3414.1104736328125,576.1117745962939,True,200,ad6b7adacb43ee05b80e51e25724abcccb9322592b79417655615078b7709e3d
ALK_228,AML,blur,0,0.0,365.98504638671875,576.1117745962939,False,200,16705b8324701d9a50e54e81b7d41d7a29616ec8ee3b6be1fc13ec1cd18b74ff
ALK_228,AML,blur,1,0.5,368.6649169921875,576.1117745962939,False,200,16705b8324701d9a50e54e81b7d41d7a29616ec8ee3b6be1fc13ec1cd18b74ff
ALK_228,AML,blur,2,1.0,393.07398986816406,576.1117745962939,False,200,16705b8324701d9a50e54e81b7d41d7a29616ec8ee3b6be1fc13ec1cd18b74ff
ALK_228,AML,blur,3,2.0,455.11175537109375,576.1117745962939,False,200,16705b8324701d9a50e54e81b7d41d7a29616ec8ee3b6be1fc13ec1cd18b74ff
ALK_228,AML,blur,4,4.0,845.7069396972656,576.1117745962939,True,200,16705b8324701d9a50e54e81b7d41d7a29616ec8ee3b6be1fc13ec1cd18b74ff
ALK_228,AML,blur,5,8.0,4231.11474609375,576.1117745962939,True,200,16705b8324701d9a50e54e81b7d41d7a29616ec8ee3b6be1fc13ec1cd18b74ff
ALK_220,AML,blur,0,0.0,522.5534057617188,576.1117745962939,False,200,8776b8591a07fc60449f9e5312fc630c83468ffbc50f595e1ce7cd55f5d36304
ALK_220,AML,blur,1,0.5,526.9106140136719,576.1117745962939,False,200,8776b8591a07fc60449f9e5312fc630c83468ffbc50f595e1ce7cd55f5d36304
ALK_220,AML,blur,2,1.0,516.3847961425781,576.1117745962939,False,200,8776b8591a07fc60449f9e5312fc630c83468ffbc50f595e1ce7cd55f5d36304
ALK_220,AML,blur,3,2.0,595.3846435546875,576.1117745962939,True,200,8776b8591a07fc60449f9e5312fc630c83468ffbc50f595e1ce7cd55f5d36304
ALK_220,AML,blur,4,4.0,1185.2723388671875,576.1117745962939,True,200,8776b8591a07fc60449f9e5312fc630c83468ffbc50f595e1ce7cd55f5d36304
ALK_220,AML,blur,5,8.0,3731.9544677734375,576.1117745962939,True,200,8776b8591a07fc60449f9e5312fc630c83468ffbc50f595e1ce7cd55f5d36304
ALK_194,AML,blur,0,0.0,572.9276123046875,576.1117745962939,False,200,a952224326a636988ee68d0b861be52db8bdef69d0137cd9722fe667bc8ef622
ALK_194,AML,blur,1,0.5,563.8134155273438,576.1117745962939,False,200,a952224326a636988ee68d0b861be52db8bdef69d0137cd9722fe667bc8ef622
ALK_194,AML,blur,2,1.0,565.8164978027344,576.1117745962939,False,200,a952224326a636988ee68d0b861be52db8bdef69d0137cd9722fe667bc8ef622
ALK_194,AML,blur,3,2.0,597.4359741210938,576.1117745962939,True,200,a952224326a636988ee68d0b861be52db8bdef69d0137cd9722fe667bc8ef622
ALK_194,AML,blur,4,4.0,1159.718994140625,576.1117745962939,True,200,a952224326a636988ee68d0b861be52db8bdef69d0137cd9722fe667bc8ef622
ALK_194,AML,blur,5,8.0,2716.6844482421875,576.1117745962939,True,200,a952224326a636988ee68d0b861be52db8bdef69d0137cd9722fe667bc8ef622
ALK_185,AML,blur,0,0.0,323.2330627441406,576.1117745962939,False,200,6f1f368040d1f496a4e68bdd0b91287354ee4566fe77cd031ae1a08ea2d38db2
ALK_185,AML,blur,1,0.5,320.283203125,576.1117745962939,False,200,6f1f368040d1f496a4e68bdd0b91287354ee4566fe77cd031ae1a08ea2d38db2
ALK_185,AML,blur,2,1.0,355.22589111328125,576.1117745962939,False,200,6f1f368040d1f496a4e68bdd0b91287354ee4566fe77cd031ae1a08ea2d38db2
ALK_185,AML,blur,3,2.0,468.9604187011719,576.1117745962939,False,200,6f1f368040d1f496a4e68bdd0b91287354ee4566fe77cd031ae1a08ea2d38db2
ALK_185,AML,blur,4,4.0,976.064697265625,576.1117745962939,True,200,6f1f368040d1f496a4e68bdd0b91287354ee4566fe77cd031ae1a08ea2d38db2
ALK_185,AML,blur,5,8.0,4508.987060546875,576.1117745962939,True,200,6f1f368040d1f496a4e68bdd0b91287354ee4566fe77cd031ae1a08ea2d38db2
ALK_210,AML,blur,0,0.0,372.38670349121094,576.1117745962939,False,200,9de438e40fa6bc519fe0d3c7ee5c6d26f5f312f6c4147887c9b86d936b505166
ALK_210,AML,blur,1,0.5,375.9715881347656,576.1117745962939,False,200,9de438e40fa6bc519fe0d3c7ee5c6d26f5f312f6c4147887c9b86d936b505166
ALK_210,AML,blur,2,1.0,380.8929901123047,576.1117745962939,False,200,9de438e40fa6bc519fe0d3c7ee5c6d26f5f312f6c4147887c9b86d936b505166
ALK_210,AML,blur,3,2.0,424.83758544921875,576.1117745962939,False,200,9de438e40fa6bc519fe0d3c7ee5c6d26f5f312f6c4147887c9b86d936b505166
ALK_210,AML,blur,4,4.0,804.4120788574219,576.1117745962939,True,200,9de438e40fa6bc519fe0d3c7ee5c6d26f5f312f6c4147887c9b86d936b505166
ALK_210,AML,blur,5,8.0,4371.2763671875,576.1117745962939,True,200,9de438e40fa6bc519fe0d3c7ee5c6d26f5f312f6c4147887c9b86d936b505166
SCD_481,Stem cell donor,color,0,0.0,595.7171630859375,576.1117745962939,True,200,5b2d0fd98f655a9de10b4548e71a167c22762e9cd65b78f55a8106852dc51b00
SCD_481,Stem cell donor,color,1,0.1,609.9035339355469,576.1117745962939,True,200,5b2d0fd98f655a9de10b4548e71a167c22762e9cd65b78f55a8106852dc51b00
SCD_481,Stem cell donor,color,2,0.25,620.2851257324219,576.1117745962939,True,200,5b2d0fd98f655a9de10b4548e71a167c22762e9cd65b78f55a8106852dc51b00
SCD_481,Stem cell donor,color,3,0.5,643.7766723632812,576.1117745962939,True,200,5b2d0fd98f655a9de10b4548e71a167c22762e9cd65b78f55a8106852dc51b00
SCD_481,Stem cell donor,color,4,0.75,676.1676940917969,576.1117745962939,True,200,5b2d0fd98f655a9de10b4548e71a167c22762e9cd65b78f55a8106852dc51b00
SCD_481,Stem cell donor,color,5,1.0,680.2095642089844,576.1117745962939,True,200,5b2d0fd98f655a9de10b4548e71a167c22762e9cd65b78f55a8106852dc51b00
SCD_468,Stem cell donor,color,0,0.0,469.5680236816406,576.1117745962939,False,200,b768819c21049ce9f3f4f80571d370bce2e910138b77bdf7e2df76277ccd406b
SCD_468,Stem cell donor,color,1,0.1,480.80328369140625,576.1117745962939,False,200,b768819c21049ce9f3f4f80571d370bce2e910138b77bdf7e2df76277ccd406b
SCD_468,Stem cell donor,color,2,0.25,493.4271545410156,576.1117745962939,False,200,b768819c21049ce9f3f4f80571d370bce2e910138b77bdf7e2df76277ccd406b
SCD_468,Stem cell donor,color,3,0.5,511.3611297607422,576.1117745962939,False,200,b768819c21049ce9f3f4f80571d370bce2e910138b77bdf7e2df76277ccd406b
SCD_468,Stem cell donor,color,4,0.75,542.9816589355469,576.1117745962939,False,200,b768819c21049ce9f3f4f80571d370bce2e910138b77bdf7e2df76277ccd406b
SCD_468,Stem cell donor,color,5,1.0,566.1933288574219,576.1117745962939,False,200,b768819c21049ce9f3f4f80571d370bce2e910138b77bdf7e2df76277ccd406b
SCD_430,Stem cell donor,color,0,0.0,466.15118408203125,576.1117745962939,False,200,c8697bdbd504339893701b27705a74452c25ed765a99edf47c346e4ec3f814c4
SCD_430,Stem cell donor,color,1,0.1,458.1604309082031,576.1117745962939,False,200,c8697bdbd504339893701b27705a74452c25ed765a99edf47c346e4ec3f814c4
SCD_430,Stem cell donor,color,2,0.25,468.07945251464844,576.1117745962939,False,200,c8697bdbd504339893701b27705a74452c25ed765a99edf47c346e4ec3f814c4
SCD_430,Stem cell donor,color,3,0.5,518.1886596679688,576.1117745962939,False,200,c8697bdbd504339893701b27705a74452c25ed765a99edf47c346e4ec3f814c4
SCD_430,Stem cell donor,color,4,0.75,567.2811584472656,576.1117745962939,False,200,c8697bdbd504339893701b27705a74452c25ed765a99edf47c346e4ec3f814c4
SCD_430,Stem cell donor,color,5,1.0,595.9311828613281,576.1117745962939,True,200,c8697bdbd504339893701b27705a74452c25ed765a99edf47c346e4ec3f814c4
SCD_473,Stem cell donor,color,0,0.0,485.74566650390625,576.1117745962939,False,200,e36d0e72d0549b70706c4971964b93617f97372038e6e79d64560b3b627dfadc
SCD_473,Stem cell donor,color,1,0.1,473.994873046875,576.1117745962939,False,200,e36d0e72d0549b70706c4971964b93617f97372038e6e79d64560b3b627dfadc
SCD_473,Stem cell donor,color,2,0.25,476.1470642089844,576.1117745962939,False,200,e36d0e72d0549b70706c4971964b93617f97372038e6e79d64560b3b627dfadc
SCD_473,Stem cell donor,color,3,0.5,507.62318420410156,576.1117745962939,False,200,e36d0e72d0549b70706c4971964b93617f97372038e6e79d64560b3b627dfadc
SCD_473,Stem cell donor,color,4,0.75,554.2472534179688,576.1117745962939,False,200,e36d0e72d0549b70706c4971964b93617f97372038e6e79d64560b3b627dfadc
SCD_473,Stem cell donor,color,5,1.0,561.2002868652344,576.1117745962939,False,200,e36d0e72d0549b70706c4971964b93617f97372038e6e79d64560b3b627dfadc
SCD_484,Stem cell donor,color,0,0.0,511.10784912109375,576.1117745962939,False,200,333821d60e4ac72a9a8b8874700c29ce905881a47d7255dcf3db84d8f07e5e18
SCD_484,Stem cell donor,color,1,0.1,512.4981842041016,576.1117745962939,False,200,333821d60e4ac72a9a8b8874700c29ce905881a47d7255dcf3db84d8f07e5e18
SCD_484,Stem cell donor,color,2,0.25,534.9471130371094,576.1117745962939,False,200,333821d60e4ac72a9a8b8874700c29ce905881a47d7255dcf3db84d8f07e5e18
SCD_484,Stem cell donor,color,3,0.5,576.7346496582031,576.1117745962939,True,200,333821d60e4ac72a9a8b8874700c29ce905881a47d7255dcf3db84d8f07e5e18
SCD_484,Stem cell donor,color,4,0.75,653.1701965332031,576.1117745962939,True,200,333821d60e4ac72a9a8b8874700c29ce905881a47d7255dcf3db84d8f07e5e18
SCD_484,Stem cell donor,color,5,1.0,637.0403747558594,576.1117745962939,True,200,333821d60e4ac72a9a8b8874700c29ce905881a47d7255dcf3db84d8f07e5e18
SCD_458,Stem cell donor,color,0,0.0,428.2451934814453,576.1117745962939,False,200,bc329790e770d7a49a7d87327ee1983ba703c4c49b23f72f4b1a699c56ea7cad
SCD_458,Stem cell donor,color,1,0.1,426.4145812988281,576.1117745962939,False,200,bc329790e770d7a49a7d87327ee1983ba703c4c49b23f72f4b1a699c56ea7cad
SCD_458,Stem cell donor,color,2,0.25,428.86119079589844,576.1117745962939,False,200,bc329790e770d7a49a7d87327ee1983ba703c4c49b23f72f4b1a699c56ea7cad
SCD_458,Stem cell donor,color,3,0.5,434.25816345214844,576.1117745962939,False,200,bc329790e770d7a49a7d87327ee1983ba703c4c49b23f72f4b1a699c56ea7cad
SCD_458,Stem cell donor,color,4,0.75,441.2538604736328,576.1117745962939,False,200,bc329790e770d7a49a7d87327ee1983ba703c4c49b23f72f4b1a699c56ea7cad
SCD_458,Stem cell donor,color,5,1.0,492.4175262451172,576.1117745962939,False,200,bc329790e770d7a49a7d87327ee1983ba703c4c49b23f72f4b1a699c56ea7cad
SCD_462,Stem cell donor,color,0,0.0,478.4245147705078,576.1117745962939,False,200,4df7a4df780e15602b6618a041a7b4da60cc559debae5be3e59bd4a8ae0b87ab
SCD_462,Stem cell donor,color,1,0.1,489.8766174316406,576.1117745962939,False,200,4df7a4df780e15602b6618a041a7b4da60cc559debae5be3e59bd4a8ae0b87ab
SCD_462,Stem cell donor,color,2,0.25,527.3624572753906,576.1117745962939,False,200,4df7a4df780e15602b6618a041a7b4da60cc559debae5be3e59bd4a8ae0b87ab
SCD_462,Stem cell donor,color,3,0.5,582.0712890625,576.1117745962939,True,200,4df7a4df780e15602b6618a041a7b4da60cc559debae5be3e59bd4a8ae0b87ab
SCD_462,Stem cell donor,color,4,0.75,666.627197265625,576.1117745962939,True,200,4df7a4df780e15602b6618a041a7b4da60cc559debae5be3e59bd4a8ae0b87ab
SCD_462,Stem cell donor,color,5,1.0,697.0725708007812,576.1117745962939,True,200,4df7a4df780e15602b6618a041a7b4da60cc559debae5be3e59bd4a8ae0b87ab
SCD_491,Stem cell donor,color,0,0.0,440.93226623535156,576.1117745962939,False,200,81cd289dc78084381ec67e2544c0e56836573350352e681c20d451bca949c385
SCD_491,Stem cell donor,color,1,0.1,449.22930908203125,576.1117745962939,False,200,81cd289dc78084381ec67e2544c0e56836573350352e681c20d451bca949c385
SCD_491,Stem cell donor,color,2,0.25,465.5331115722656,576.1117745962939,False,200,81cd289dc78084381ec67e2544c0e56836573350352e681c20d451bca949c385
SCD_491,Stem cell donor,color,3,0.5,479.4288635253906,576.1117745962939,False,200,81cd289dc78084381ec67e2544c0e56836573350352e681c20d451bca949c385
SCD_491,Stem cell donor,color,4,0.75,493.12489318847656,576.1117745962939,False,200,81cd289dc78084381ec67e2544c0e56836573350352e681c20d451bca949c385
SCD_491,Stem cell donor,color,5,1.0,534.1990966796875,576.1117745962939,False,200,81cd289dc78084381ec67e2544c0e56836573350352e681c20d451bca949c385
SCD_420,Stem cell donor,color,0,0.0,441.2084655761719,576.1117745962939,False,200,d90b63fb7105e143146fdef70885262ab154ced31a6482977838f96e940b767b
SCD_420,Stem cell donor,color,1,0.1,448.06317138671875,576.1117745962939,False,200,d90b63fb7105e143146fdef70885262ab154ced31a6482977838f96e940b767b
SCD_420,Stem cell donor,color,2,0.25,451.36390686035156,576.1117745962939,False,200,d90b63fb7105e143146fdef70885262ab154ced31a6482977838f96e940b767b
SCD_420,Stem cell donor,color,3,0.5,497.67823791503906,576.1117745962939,False,200,d90b63fb7105e143146fdef70885262ab154ced31a6482977838f96e940b767b
SCD_420,Stem cell donor,color,4,0.75,574.0012512207031,576.1117745962939,False,200,d90b63fb7105e143146fdef70885262ab154ced31a6482977838f96e940b767b
SCD_420,Stem cell donor,color,5,1.0,568.0859069824219,576.1117745962939,False,200,d90b63fb7105e143146fdef70885262ab154ced31a6482977838f96e940b767b
SCD_449,Stem cell donor,color,0,0.0,407.1353454589844,576.1117745962939,False,200,65b0de308a0544d4b355d76ac29e0a0b819531a8565dd9e56a13163b663d4fc0
SCD_449,Stem cell donor,color,1,0.1,413.8051452636719,576.1117745962939,False,200,65b0de308a0544d4b355d76ac29e0a0b819531a8565dd9e56a13163b663d4fc0
SCD_449,Stem cell donor,color,2,0.25,439.8092041015625,576.1117745962939,False,200,65b0de308a0544d4b355d76ac29e0a0b819531a8565dd9e56a13163b663d4fc0
SCD_449,Stem cell donor,color,3,0.5,464.6167449951172,576.1117745962939,False,200,65b0de308a0544d4b355d76ac29e0a0b819531a8565dd9e56a13163b663d4fc0
SCD_449,Stem cell donor,color,4,0.75,486.9979248046875,576.1117745962939,False,200,65b0de308a0544d4b355d76ac29e0a0b819531a8565dd9e56a13163b663d4fc0
SCD_449,Stem cell donor,color,5,1.0,497.0873107910156,576.1117745962939,False,200,65b0de308a0544d4b355d76ac29e0a0b819531a8565dd9e56a13163b663d4fc0
SCD_450,Stem cell donor,color,0,0.0,454.0093994140625,576.1117745962939,False,200,0a92fc7c93cd5b321b8b603914e7903ca91390ba9ab0fd92a490a72f4561d028
SCD_450,Stem cell donor,color,1,0.1,471.40960693359375,576.1117745962939,False,200,0a92fc7c93cd5b321b8b603914e7903ca91390ba9ab0fd92a490a72f4561d028
SCD_450,Stem cell donor,color,2,0.25,503.04718017578125,576.1117745962939,False,200,0a92fc7c93cd5b321b8b603914e7903ca91390ba9ab0fd92a490a72f4561d028
SCD_450,Stem cell donor,color,3,0.5,550.6873779296875,576.1117745962939,False,200,0a92fc7c93cd5b321b8b603914e7903ca91390ba9ab0fd92a490a72f4561d028
SCD_450,Stem cell donor,color,4,0.75,582.9882507324219,576.1117745962939,True,200,0a92fc7c93cd5b321b8b603914e7903ca91390ba9ab0fd92a490a72f4561d028
SCD_450,Stem cell donor,color,5,1.0,588.9811096191406,576.1117745962939,True,200,0a92fc7c93cd5b321b8b603914e7903ca91390ba9ab0fd92a490a72f4561d028
SCD_412,Stem cell donor,color,0,0.0,477.24229431152344,576.1117745962939,False,200,1baeedc4edfb967234fd7ebe7bea00e817fe82a576cbf86a14796ed91b6aa029
SCD_412,Stem cell donor,color,1,0.1,479.8932342529297,576.1117745962939,False,200,1baeedc4edfb967234fd7ebe7bea00e817fe82a576cbf86a14796ed91b6aa029
SCD_412,Stem cell donor,color,2,0.25,501.61065673828125,576.1117745962939,False,200,1baeedc4edfb967234fd7ebe7bea00e817fe82a576cbf86a14796ed91b6aa029
SCD_412,Stem cell donor,color,3,0.5,554.2097473144531,576.1117745962939,False,200,1baeedc4edfb967234fd7ebe7bea00e817fe82a576cbf86a14796ed91b6aa029
SCD_412,Stem cell donor,color,4,0.75,641.2393188476562,576.1117745962939,True,200,1baeedc4edfb967234fd7ebe7bea00e817fe82a576cbf86a14796ed91b6aa029
SCD_412,Stem cell donor,color,5,1.0,632.4022827148438,576.1117745962939,True,200,1baeedc4edfb967234fd7ebe7bea00e817fe82a576cbf86a14796ed91b6aa029
SCD_403,Stem cell donor,color,0,0.0,449.63922119140625,576.1117745962939,False,200,cd185757bb44debb2db71c15943ad1fb18a6a67ee07ea1ea521af6bbb545a492
SCD_403,Stem cell donor,color,1,0.1,460.3367156982422,576.1117745962939,False,200,cd185757bb44debb2db71c15943ad1fb18a6a67ee07ea1ea521af6bbb545a492
SCD_403,Stem cell donor,color,2,0.25,479.9809265136719,576.1117745962939,False,200,cd185757bb44debb2db71c15943ad1fb18a6a67ee07ea1ea521af6bbb545a492
SCD_403,Stem cell donor,color,3,0.5,491.0726318359375,576.1117745962939,False,200,cd185757bb44debb2db71c15943ad1fb18a6a67ee07ea1ea521af6bbb545a492
SCD_403,Stem cell donor,color,4,0.75,503.5342712402344,576.1117745962939,False,200,cd185757bb44debb2db71c15943ad1fb18a6a67ee07ea1ea521af6bbb545a492
SCD_403,Stem cell donor,color,5,1.0,528.4795837402344,576.1117745962939,False,200,cd185757bb44debb2db71c15943ad1fb18a6a67ee07ea1ea521af6bbb545a492
SCD_399,Stem cell donor,color,0,0.0,457.7105407714844,576.1117745962939,False,200,a5c6d31768e8471aae866aecf0aadc423cd2b6330dc50cbe5525f30e5f0511d7
SCD_399,Stem cell donor,color,1,0.1,468.80206298828125,576.1117745962939,False,200,a5c6d31768e8471aae866aecf0aadc423cd2b6330dc50cbe5525f30e5f0511d7
SCD_399,Stem cell donor,color,2,0.25,484.66297912597656,576.1117745962939,False,200,a5c6d31768e8471aae866aecf0aadc423cd2b6330dc50cbe5525f30e5f0511d7
SCD_399,Stem cell donor,color,3,0.5,519.272705078125,576.1117745962939,False,200,a5c6d31768e8471aae866aecf0aadc423cd2b6330dc50cbe5525f30e5f0511d7
SCD_399,Stem cell donor,color,4,0.75,541.2291564941406,576.1117745962939,False,200,a5c6d31768e8471aae866aecf0aadc423cd2b6330dc50cbe5525f30e5f0511d7
SCD_399,Stem cell donor,color,5,1.0,571.096923828125,576.1117745962939,False,200,a5c6d31768e8471aae866aecf0aadc423cd2b6330dc50cbe5525f30e5f0511d7
SCD_485,Stem cell donor,color,0,0.0,470.3953399658203,576.1117745962939,False,200,a2ec3083ff67f04cb0e757eaa18f351a96b4809eea262690c7f3bb48ab82f5ca
SCD_485,Stem cell donor,color,1,0.1,474.40179443359375,576.1117745962939,False,200,a2ec3083ff67f04cb0e757eaa18f351a96b4809eea262690c7f3bb48ab82f5ca
SCD_485,Stem cell donor,color,2,0.25,493.4573974609375,576.1117745962939,False,200,a2ec3083ff67f04cb0e757eaa18f351a96b4809eea262690c7f3bb48ab82f5ca
SCD_485,Stem cell donor,color,3,0.5,515.8746337890625,576.1117745962939,False,200,a2ec3083ff67f04cb0e757eaa18f351a96b4809eea262690c7f3bb48ab82f5ca
SCD_485,Stem cell donor,color,4,0.75,575.3956298828125,576.1117745962939,False,200,a2ec3083ff67f04cb0e757eaa18f351a96b4809eea262690c7f3bb48ab82f5ca
SCD_485,Stem cell donor,color,5,1.0,628.3540344238281,576.1117745962939,True,200,a2ec3083ff67f04cb0e757eaa18f351a96b4809eea262690c7f3bb48ab82f5ca
SCD_454,Stem cell donor,color,0,0.0,445.1757507324219,576.1117745962939,False,200,66d8d2d98edbe86b2e35432e6f121a9a5e41a0dade8549b8e3aea660694f17e1
SCD_454,Stem cell donor,color,1,0.1,456.9413146972656,576.1117745962939,False,200,66d8d2d98edbe86b2e35432e6f121a9a5e41a0dade8549b8e3aea660694f17e1
SCD_454,Stem cell donor,color,2,0.25,477.01405334472656,576.1117745962939,False,200,66d8d2d98edbe86b2e35432e6f121a9a5e41a0dade8549b8e3aea660694f17e1
SCD_454,Stem cell donor,color,3,0.5,495.0964813232422,576.1117745962939,False,200,66d8d2d98edbe86b2e35432e6f121a9a5e41a0dade8549b8e3aea660694f17e1
SCD_454,Stem cell donor,color,4,0.75,529.2977294921875,576.1117745962939,False,200,66d8d2d98edbe86b2e35432e6f121a9a5e41a0dade8549b8e3aea660694f17e1
SCD_454,Stem cell donor,color,5,1.0,537.2488098144531,576.1117745962939,False,200,66d8d2d98edbe86b2e35432e6f121a9a5e41a0dade8549b8e3aea660694f17e1
SCD_494,Stem cell donor,color,0,0.0,554.0469055175781,576.1117745962939,False,200,eca5716f7442641aa022de2cb5dec6d0d248932535add80cdc9513165f22cb31
SCD_494,Stem cell donor,color,1,0.1,556.30517578125,576.1117745962939,False,200,eca5716f7442641aa022de2cb5dec6d0d248932535add80cdc9513165f22cb31
SCD_494,Stem cell donor,color,2,0.25,578.4515686035156,576.1117745962939,True,200,eca5716f7442641aa022de2cb5dec6d0d248932535add80cdc9513165f22cb31
SCD_494,Stem cell donor,color,3,0.5,630.5530090332031,576.1117745962939,True,200,eca5716f7442641aa022de2cb5dec6d0d248932535add80cdc9513165f22cb31
SCD_494,Stem cell donor,color,4,0.75,649.2726440429688,576.1117745962939,True,200,eca5716f7442641aa022de2cb5dec6d0d248932535add80cdc9513165f22cb31
SCD_494,Stem cell donor,color,5,1.0,652.1924438476562,576.1117745962939,True,200,eca5716f7442641aa022de2cb5dec6d0d248932535add80cdc9513165f22cb31
SCD_424,Stem cell donor,color,0,0.0,471.88072204589844,576.1117745962939,False,200,6475d4e1e2ade8430ff871e3c6cffe02a2ba35ec2a542188b4bf87dcc484fe30
SCD_424,Stem cell donor,color,1,0.1,477.85154724121094,576.1117745962939,False,200,6475d4e1e2ade8430ff871e3c6cffe02a2ba35ec2a542188b4bf87dcc484fe30
SCD_424,Stem cell donor,color,2,0.25,505.01499938964844,576.1117745962939,False,200,6475d4e1e2ade8430ff871e3c6cffe02a2ba35ec2a542188b4bf87dcc484fe30
SCD_424,Stem cell donor,color,3,0.5,565.9931945800781,576.1117745962939,False,200,6475d4e1e2ade8430ff871e3c6cffe02a2ba35ec2a542188b4bf87dcc484fe30
SCD_424,Stem cell donor,color,4,0.75,637.8401794433594,576.1117745962939,True,200,6475d4e1e2ade8430ff871e3c6cffe02a2ba35ec2a542188b4bf87dcc484fe30
SCD_424,Stem cell donor,color,5,1.0,627.6607971191406,576.1117745962939,True,200,6475d4e1e2ade8430ff871e3c6cffe02a2ba35ec2a542188b4bf87dcc484fe30
SCD_437,Stem cell donor,color,0,0.0,482.3376770019531,576.1117745962939,False,200,31d37ad72ae781589322665a3c9d3e087054c4551db4b221d49db96ad3b89b44
SCD_437,Stem cell donor,color,1,0.1,489.2081298828125,576.1117745962939,False,200,31d37ad72ae781589322665a3c9d3e087054c4551db4b221d49db96ad3b89b44
SCD_437,Stem cell donor,color,2,0.25,506.2248077392578,576.1117745962939,False,200,31d37ad72ae781589322665a3c9d3e087054c4551db4b221d49db96ad3b89b44
SCD_437,Stem cell donor,color,3,0.5,520.7727661132812,576.1117745962939,False,200,31d37ad72ae781589322665a3c9d3e087054c4551db4b221d49db96ad3b89b44
SCD_437,Stem cell donor,color,4,0.75,544.8894958496094,576.1117745962939,False,200,31d37ad72ae781589322665a3c9d3e087054c4551db4b221d49db96ad3b89b44
SCD_437,Stem cell donor,color,5,1.0,568.8563842773438,576.1117745962939,False,200,31d37ad72ae781589322665a3c9d3e087054c4551db4b221d49db96ad3b89b44
SCD_405,Stem cell donor,color,0,0.0,443.4990997314453,576.1117745962939,False,200,5a08b68579a0f017f859826181aaf5a16e478ebd72c40e474fbcf57a5afd9477
SCD_405,Stem cell donor,color,1,0.1,453.89332580566406,576.1117745962939,False,200,5a08b68579a0f017f859826181aaf5a16e478ebd72c40e474fbcf57a5afd9477
SCD_405,Stem cell donor,color,2,0.25,480.44847106933594,576.1117745962939,False,200,5a08b68579a0f017f859826181aaf5a16e478ebd72c40e474fbcf57a5afd9477
SCD_405,Stem cell donor,color,3,0.5,525.7696533203125,576.1117745962939,False,200,5a08b68579a0f017f859826181aaf5a16e478ebd72c40e474fbcf57a5afd9477
SCD_405,Stem cell donor,color,4,0.75,559.7796325683594,576.1117745962939,False,200,5a08b68579a0f017f859826181aaf5a16e478ebd72c40e474fbcf57a5afd9477
SCD_405,Stem cell donor,color,5,1.0,570.9227294921875,576.1117745962939,False,200,5a08b68579a0f017f859826181aaf5a16e478ebd72c40e474fbcf57a5afd9477
ALK_201,AML,color,0,0.0,432.137451171875,576.1117745962939,False,200,f28ede0c3221fa71705bc75f75594fdfcd949786abd3b05ea38ebe53ad4a1ccb
ALK_201,AML,color,1,0.1,443.6739044189453,576.1117745962939,False,200,f28ede0c3221fa71705bc75f75594fdfcd949786abd3b05ea38ebe53ad4a1ccb
ALK_201,AML,color,2,0.25,447.54795837402344,576.1117745962939,False,200,f28ede0c3221fa71705bc75f75594fdfcd949786abd3b05ea38ebe53ad4a1ccb
ALK_201,AML,color,3,0.5,475.98329162597656,576.1117745962939,False,200,f28ede0c3221fa71705bc75f75594fdfcd949786abd3b05ea38ebe53ad4a1ccb
ALK_201,AML,color,4,0.75,522.6623229980469,576.1117745962939,False,200,f28ede0c3221fa71705bc75f75594fdfcd949786abd3b05ea38ebe53ad4a1ccb
ALK_201,AML,color,5,1.0,582.0162963867188,576.1117745962939,True,200,f28ede0c3221fa71705bc75f75594fdfcd949786abd3b05ea38ebe53ad4a1ccb
ALK_190,AML,color,0,0.0,419.5792236328125,576.1117745962939,False,200,5c3a70ad5f539097f54170eedcb12330a7f5a2493baf9d1b1dc904002adc9fd8
ALK_190,AML,color,1,0.1,419.1991424560547,576.1117745962939,False,200,5c3a70ad5f539097f54170eedcb12330a7f5a2493baf9d1b1dc904002adc9fd8
ALK_190,AML,color,2,0.25,431.2356719970703,576.1117745962939,False,200,5c3a70ad5f539097f54170eedcb12330a7f5a2493baf9d1b1dc904002adc9fd8
ALK_190,AML,color,3,0.5,462.59754943847656,576.1117745962939,False,200,5c3a70ad5f539097f54170eedcb12330a7f5a2493baf9d1b1dc904002adc9fd8
ALK_190,AML,color,4,0.75,536.7611694335938,576.1117745962939,False,200,5c3a70ad5f539097f54170eedcb12330a7f5a2493baf9d1b1dc904002adc9fd8
ALK_190,AML,color,5,1.0,575.0850830078125,576.1117745962939,False,200,5c3a70ad5f539097f54170eedcb12330a7f5a2493baf9d1b1dc904002adc9fd8
ALK_212,AML,color,0,0.0,475.9622039794922,576.1117745962939,False,200,04c523e0c46c97a89005bbd374f2b89d9d235435e59f96e3b81637ddf991e308
ALK_212,AML,color,1,0.1,475.090576171875,576.1117745962939,False,200,04c523e0c46c97a89005bbd374f2b89d9d235435e59f96e3b81637ddf991e308
ALK_212,AML,color,2,0.25,478.1432800292969,576.1117745962939,False,200,04c523e0c46c97a89005bbd374f2b89d9d235435e59f96e3b81637ddf991e308
ALK_212,AML,color,3,0.5,473.5645751953125,576.1117745962939,False,200,04c523e0c46c97a89005bbd374f2b89d9d235435e59f96e3b81637ddf991e308
ALK_212,AML,color,4,0.75,501.0181884765625,576.1117745962939,False,200,04c523e0c46c97a89005bbd374f2b89d9d235435e59f96e3b81637ddf991e308
ALK_212,AML,color,5,1.0,499.6230773925781,576.1117745962939,False,200,04c523e0c46c97a89005bbd374f2b89d9d235435e59f96e3b81637ddf991e308
ALK_207,AML,color,0,0.0,633.5926208496094,576.1117745962939,True,200,4fc089396ab67f779895d8260ae7f499e486da8481bba21aecadf560f4cf0ac1
ALK_207,AML,color,1,0.1,647.7799072265625,576.1117745962939,True,200,4fc089396ab67f779895d8260ae7f499e486da8481bba21aecadf560f4cf0ac1
ALK_207,AML,color,2,0.25,658.5866394042969,576.1117745962939,True,200,4fc089396ab67f779895d8260ae7f499e486da8481bba21aecadf560f4cf0ac1
ALK_207,AML,color,3,0.5,711.8902282714844,576.1117745962939,True,200,4fc089396ab67f779895d8260ae7f499e486da8481bba21aecadf560f4cf0ac1
ALK_207,AML,color,4,0.75,767.805908203125,576.1117745962939,True,200,4fc089396ab67f779895d8260ae7f499e486da8481bba21aecadf560f4cf0ac1
ALK_207,AML,color,5,1.0,788.8086853027344,576.1117745962939,True,200,4fc089396ab67f779895d8260ae7f499e486da8481bba21aecadf560f4cf0ac1
ALK_214,AML,color,0,0.0,647.9977111816406,576.1117745962939,True,200,ad6b7adacb43ee05b80e51e25724abcccb9322592b79417655615078b7709e3d
ALK_214,AML,color,1,0.1,679.2929992675781,576.1117745962939,True,200,ad6b7adacb43ee05b80e51e25724abcccb9322592b79417655615078b7709e3d
ALK_214,AML,color,2,0.25,754.1892700195312,576.1117745962939,True,200,ad6b7adacb43ee05b80e51e25724abcccb9322592b79417655615078b7709e3d
ALK_214,AML,color,3,0.5,879.1140747070312,576.1117745962939,True,200,ad6b7adacb43ee05b80e51e25724abcccb9322592b79417655615078b7709e3d
ALK_214,AML,color,4,0.75,1022.71826171875,576.1117745962939,True,200,ad6b7adacb43ee05b80e51e25724abcccb9322592b79417655615078b7709e3d
ALK_214,AML,color,5,1.0,1076.9786987304688,576.1117745962939,True,200,ad6b7adacb43ee05b80e51e25724abcccb9322592b79417655615078b7709e3d
ALK_228,AML,color,0,0.0,365.98504638671875,576.1117745962939,False,200,16705b8324701d9a50e54e81b7d41d7a29616ec8ee3b6be1fc13ec1cd18b74ff
ALK_228,AML,color,1,0.1,374.4068908691406,576.1117745962939,False,200,16705b8324701d9a50e54e81b7d41d7a29616ec8ee3b6be1fc13ec1cd18b74ff
ALK_228,AML,color,2,0.25,398.5508117675781,576.1117745962939,False,200,16705b8324701d9a50e54e81b7d41d7a29616ec8ee3b6be1fc13ec1cd18b74ff
ALK_228,AML,color,3,0.5,416.06394958496094,576.1117745962939,False,200,16705b8324701d9a50e54e81b7d41d7a29616ec8ee3b6be1fc13ec1cd18b74ff
ALK_228,AML,color,4,0.75,444.7198028564453,576.1117745962939,False,200,16705b8324701d9a50e54e81b7d41d7a29616ec8ee3b6be1fc13ec1cd18b74ff
ALK_228,AML,color,5,1.0,480.93035888671875,576.1117745962939,False,200,16705b8324701d9a50e54e81b7d41d7a29616ec8ee3b6be1fc13ec1cd18b74ff
ALK_220,AML,color,0,0.0,522.5534057617188,576.1117745962939,False,200,8776b8591a07fc60449f9e5312fc630c83468ffbc50f595e1ce7cd55f5d36304
ALK_220,AML,color,1,0.1,532.68896484375,576.1117745962939,False,200,8776b8591a07fc60449f9e5312fc630c83468ffbc50f595e1ce7cd55f5d36304
ALK_220,AML,color,2,0.25,537.2035827636719,576.1117745962939,False,200,8776b8591a07fc60449f9e5312fc630c83468ffbc50f595e1ce7cd55f5d36304
ALK_220,AML,color,3,0.5,533.8291625976562,576.1117745962939,False,200,8776b8591a07fc60449f9e5312fc630c83468ffbc50f595e1ce7cd55f5d36304
ALK_220,AML,color,4,0.75,567.9594116210938,576.1117745962939,False,200,8776b8591a07fc60449f9e5312fc630c83468ffbc50f595e1ce7cd55f5d36304
ALK_220,AML,color,5,1.0,631.2308654785156,576.1117745962939,True,200,8776b8591a07fc60449f9e5312fc630c83468ffbc50f595e1ce7cd55f5d36304
ALK_194,AML,color,0,0.0,572.9276123046875,576.1117745962939,False,200,a952224326a636988ee68d0b861be52db8bdef69d0137cd9722fe667bc8ef622
ALK_194,AML,color,1,0.1,587.5069274902344,576.1117745962939,True,200,a952224326a636988ee68d0b861be52db8bdef69d0137cd9722fe667bc8ef622
ALK_194,AML,color,2,0.25,594.9344787597656,576.1117745962939,True,200,a952224326a636988ee68d0b861be52db8bdef69d0137cd9722fe667bc8ef622
ALK_194,AML,color,3,0.5,619.9228820800781,576.1117745962939,True,200,a952224326a636988ee68d0b861be52db8bdef69d0137cd9722fe667bc8ef622
ALK_194,AML,color,4,0.75,594.4375610351562,576.1117745962939,True,200,a952224326a636988ee68d0b861be52db8bdef69d0137cd9722fe667bc8ef622
ALK_194,AML,color,5,1.0,607.1960754394531,576.1117745962939,True,200,a952224326a636988ee68d0b861be52db8bdef69d0137cd9722fe667bc8ef622
ALK_185,AML,color,0,0.0,323.2330627441406,576.1117745962939,False,200,6f1f368040d1f496a4e68bdd0b91287354ee4566fe77cd031ae1a08ea2d38db2
ALK_185,AML,color,1,0.1,323.1562805175781,576.1117745962939,False,200,6f1f368040d1f496a4e68bdd0b91287354ee4566fe77cd031ae1a08ea2d38db2
ALK_185,AML,color,2,0.25,319.8995361328125,576.1117745962939,False,200,6f1f368040d1f496a4e68bdd0b91287354ee4566fe77cd031ae1a08ea2d38db2
ALK_185,AML,color,3,0.5,325.65025329589844,576.1117745962939,False,200,6f1f368040d1f496a4e68bdd0b91287354ee4566fe77cd031ae1a08ea2d38db2
ALK_185,AML,color,4,0.75,371.03273010253906,576.1117745962939,False,200,6f1f368040d1f496a4e68bdd0b91287354ee4566fe77cd031ae1a08ea2d38db2
ALK_185,AML,color,5,1.0,421.62928771972656,576.1117745962939,False,200,6f1f368040d1f496a4e68bdd0b91287354ee4566fe77cd031ae1a08ea2d38db2
ALK_210,AML,color,0,0.0,372.38670349121094,576.1117745962939,False,200,9de438e40fa6bc519fe0d3c7ee5c6d26f5f312f6c4147887c9b86d936b505166
ALK_210,AML,color,1,0.1,378.2161102294922,576.1117745962939,False,200,9de438e40fa6bc519fe0d3c7ee5c6d26f5f312f6c4147887c9b86d936b505166
ALK_210,AML,color,2,0.25,383.4029998779297,576.1117745962939,False,200,9de438e40fa6bc519fe0d3c7ee5c6d26f5f312f6c4147887c9b86d936b505166
ALK_210,AML,color,3,0.5,390.201171875,576.1117745962939,False,200,9de438e40fa6bc519fe0d3c7ee5c6d26f5f312f6c4147887c9b86d936b505166
ALK_210,AML,color,4,0.75,441.7366027832031,576.1117745962939,False,200,9de438e40fa6bc519fe0d3c7ee5c6d26f5f312f6c4147887c9b86d936b505166
ALK_210,AML,color,5,1.0,527.5069885253906,576.1117745962939,False,200,9de438e40fa6bc519fe0d3c7ee5c6d26f5f312f6c4147887c9b86d936b505166
