session_id,spearman_rho,monotonic_non_decreasing,score_level0,score_last,rejected_level0,rejected_last
ALK_185,0.7714285714285715,False,323.2330627441406,421.62928771972656,False,False
ALK_190,0.942857142857143,False,419.5792236328125,575.0850830078125,False,False
ALK_194,0.7142857142857143,False,572.9276123046875,607.1960754394531,False,True
ALK_201,1.0,True,432.137451171875,582.0162963867188,False,True
ALK_207,1.0,True,633.5926208496094,788.8086853027344,True,True
ALK_210,1.0,True,372.38670349121094,527.5069885253906,False,False
ALK_212,0.5428571428571429,False,475.9622039794922,499.6230773925781,False,False
ALK_214,1.0,True,647.9977111816406,1076.9786987304688,True,True
ALK_220,0.942857142857143,False,522.5534057617188,631.2308654785156,False,True
ALK_228,1.0,True,365.98504638671875,480.93035888671875,False,False
