dataset,comparaison,valeur_a,valeur_b,delta_map50,delta_points
x40_test,"Evaluation resolution only, source model",0.5015356398891286,0.37224348996009793,0.1292921499290307,12.92921499290307
x40_test,"Adaptation at 640, evaluation fixed at 640",0.9679143224307011,0.37224348996009793,0.5956708324706032,59.56708324706032
x40_test,"Adaptation at 640, evaluation fixed at 960",0.9703646888033232,0.5015356398891286,0.4688290489141945,46.88290489141945
x40_test,"Adaptation at 960, evaluation fixed at 960",0.9823130169433179,0.5015356398891286,0.4807773770541892,48.07773770541892
x40_test,"Adaptation resolution 960 versus 640, evaluation at 640",0.964773662061293,0.9679143224307011,-0.003140660369408077,-0.3140660369408077
x40_test,"Adaptation resolution 960 versus 640, evaluation at 960",0.9823130169433179,0.9703646888033232,0.01194832813999469,1.194832813999469
source_test,"Evaluation resolution only, source model",0.934564496438197,0.9343997930182221,0.00016470341997487647,0.016470341997487647
source_test,"Adaptation at 640, evaluation fixed at 640",0.9277487636745555,0.9343997930182221,-0.00665102934366657,-0.665102934366657
source_test,"Adaptation at 640, evaluation fixed at 960",0.9170728731071512,0.934564496438197,-0.017491623331045703,-1.7491623331045703
source_test,"Adaptation at 960, evaluation fixed at 960",0.9262345626478338,0.934564496438197,-0.008329933790363175,-0.8329933790363175
source_test,"Adaptation resolution 960 versus 640, evaluation at 640",0.9267474375838778,0.9277487636745555,-0.0010013260906777122,-0.10013260906777122
source_test,"Adaptation resolution 960 versus 640, evaluation at 960",0.9262345626478338,0.9170728731071512,0.009161689540682527,0.9161689540682527
