signature,model,provenance,source_train_imgsz,adaptation_imgsz,eval_imgsz,dataset,weights_sha256,map50,map50_95,precision_at_evaluator_best_f1,recall_at_evaluator_best_f1
1c02aa1c68d28ecf113fe44f9496dfe7c24d44e69ac8f346f501928ad5610c51,initial_640,historical_source_training,640,,640,x40_test,c62ace9fe4f4be31ea01403e83584d4821324e4de231d456cfd90b1407b9c1e2,0.37224348996009793,0.21555071881030635,0.5366904928627885,0.36257309941520466
be86f3bf6e53f19e38cc97f6f6eb558a4bbafb4de367cf17b13afd1050bae627,initial_640,historical_source_training,640,,960,x40_test,c62ace9fe4f4be31ea01403e83584d4821324e4de231d456cfd90b1407b9c1e2,0.5015356398891286,0.25344807496206234,0.60143656656859,0.49418941354051443
3e7dacf8c6fe6d8edc9310a3a474ce7a5d813f6829a1806068f270769817d0d7,initial_640,historical_source_training,640,,640,source_test,c62ace9fe4f4be31ea01403e83584d4821324e4de231d456cfd90b1407b9c1e2,0.9343997930182221,0.5203620611719951,0.9031189525357706,0.9510467245084773
c63e4bfc5d15e2ad4a6bafd483c230c4500ca20140cf10a0e2f404548d24a03f,initial_640,historical_source_training,640,,960,source_test,c62ace9fe4f4be31ea01403e83584d4821324e4de231d456cfd90b1407b9c1e2,0.934564496438197,0.510451800473694,0.9058296091155538,0.9501902321687573
e4da84b6261536b69c0ad622a459ac4db19b5d787b197e2b8def3bbf2cfd3883,adapted_640,new_controlled_run,640,640.0,640,x40_test,cfdd772e2849855f35aa1380e34282d9e69551eec02c8a5f579fa45912faa34f,0.9679143224307011,0.6541108105616324,0.8829280056225658,0.9649122807017544
e0b27469fe2b499da5d2b9c4a3200e34b089f09800c92b938fa54c11469a0c1d,adapted_640,new_controlled_run,640,640.0,960,x40_test,cfdd772e2849855f35aa1380e34282d9e69551eec02c8a5f579fa45912faa34f,0.9703646888033232,0.6473577473496268,0.9018264621157183,0.9473684210526315
85557d2ccd1091601041da45d55b63ffce53b3f4c6e3b4d42f26002035454440,adapted_640,new_controlled_run,640,640.0,640,source_test,cfdd772e2849855f35aa1380e34282d9e69551eec02c8a5f579fa45912faa34f,0.9277487636745555,0.5019741691331201,0.8958033940724729,0.936002547162302
de676a0f2b91ef1ff793457e4491c2511ad3d5f100339e18cc1d23cb833db22d,adapted_640,new_controlled_run,640,640.0,960,source_test,cfdd772e2849855f35aa1380e34282d9e69551eec02c8a5f579fa45912faa34f,0.9170728731071512,0.48050777963454927,0.871966813018691,0.9270008894921558
18e6d1cf2b1451ce8268682ca618c31309b7f41560a797626f77d10a36f5a3e5,adapted_960,historical_adaptation,640,960.0,640,x40_test,5253be6be234b956fa0da9af575949b155b9e47917fb79301d5cb62f8a2d39a1,0.964773662061293,0.6438997273598981,0.9143137210765447,0.9415204678362573
ca2f34371746307ed7f29293a0b2bad2e829584f781d9458b3d96f27e6ff4489,adapted_960,historical_adaptation,640,960.0,960,x40_test,5253be6be234b956fa0da9af575949b155b9e47917fb79301d5cb62f8a2d39a1,0.9823130169433179,0.6597574108640846,0.921084006062465,0.9555859210543113
7f8bd72f80a041c29a15d423e9753cf0d0e67a900340d7c34f58e43d5284f828,adapted_960,historical_adaptation,640,960.0,640,source_test,5253be6be234b956fa0da9af575949b155b9e47917fb79301d5cb62f8a2d39a1,0.9267474375838778,0.5001457514405032,0.8891353770085632,0.9384235144348243
a10fe17ef839cc9835dc54cd265aa46e10f8a1674413715a6fcb796436c06c07,adapted_960,historical_adaptation,640,960.0,960,source_test,5253be6be234b956fa0da9af575949b155b9e47917fb79301d5cb62f8a2d39a1,0.9262345626478338,0.49621545292295827,0.8853907249593606,0.9399028894372363
